{"code": "4", "name": "IPv4"}
{"code": "6", "name": "IPv6"}
{"code": "640", "name": "北京(青云3b)"}
{"code": "579", "name": "河南郑州(景安网络)"}
{"code": "647", "name": "江苏南京(蓝视云)"}
{"code": "641", "name": "广东广州(青云)"}
{"code": "728", "name": "香港(amazon)"}
{"code": "587", "name": "香港(dmit.io)"}
{"code": "650", "name": "香港(蓝视云)"}
{"code": "344", "name": "印度班加罗尔(DIGITALOCEAN-BLR1)"}
{"code": "157", "name": "新加坡(DIGITALOCEAN)"}
{"code": "357", "name": "新加坡(VULTR)"}
{"code": "216", "name": "新加坡(linode)"}
{"code": "147", "name": "日本东京(VULTR)"}
{"code": "363", "name": "日本品川区(linode)"}
{"code": "129", "name": "日本大阪(k-opti.com)"}
{"code": "109", "name": "澳大利亚悉尼(VULTR)"}
{"code": "407", "name": "俄罗斯圣彼得堡(misaka.io)"}
{"code": "209", "name": "德国法兰克福(DIGITALOCEAN-FRA1)"}
{"code": "120", "name": "德国法兰克福(VULTR)"}
{"code": "250", "name": "德国法兰克福(linode)"}
{"code": "630", "name": "拉脱维亚里加(makonix.com)"}
{"code": "521", "name": "摩尔多瓦基希讷乌(mivocloud.com)"}
{"code": "128", "name": "摩尔多瓦基希讷乌(trabia.com)"}
{"code": "82", "name": "法国巴黎(VULTR)"}
{"code": "627", "name": "法国鲁贝"}
{"code": "135", "name": "瑞典哥德堡(makonix.com)"}
{"code": "646", "name": "瑞典法尔肯贝里(glesys.se)"}
{"code": "628", "name": "芬兰赫尔辛基(firstbyte.ru)"}
{"code": "214", "name": "英国伦敦(DIGITALOCEAN-LON1)"}
{"code": "121", "name": "英国伦敦(VULTR)"}
{"code": "165", "name": "英国伦敦(linode)"}
{"code": "35", "name": "荷兰阿姆斯特丹(DIGITALOCEAN-AMS1)"}
{"code": "205", "name": "荷兰阿姆斯特丹(DIGITALOCEAN-AMS2)"}
{"code": "206", "name": "荷兰阿姆斯特丹(DIGITALOCEAN-AMS3)"}
{"code": "46", "name": "荷兰阿姆斯特丹(VULTR)"}
{"code": "673", "name": "西班牙马拉加"}
{"code": "273", "name": "加拿大多伦多(DIGITALOCEAN-TOR1)"}
{"code": "643", "name": "加拿大多伦多(VULTR)"}
{"code": "158", "name": "美国亚特兰大(VULTR)"}
{"code": "182", "name": "美国亚特兰大(linode)"}
{"code": "162", "name": "美国圣何塞(VULTR)"}
{"code": "49", "name": "美国旧金山(DIGITALOCEAN-SFO1)"}
{"code": "555", "name": "美国旧金山(DIGITALOCEAN-SFO2)"}
{"code": "265", "name": "美国洛杉矶(VULTR)"}
{"code": "203", "name": "美国皮斯卡特维(VULTR)"}
{"code": "222", "name": "美国纽瓦克(linode)"}
{"code": "260", "name": "美国纽约(DIGITALOCEAN-NYC1)"}
{"code": "204", "name": "美国纽约(DIGITALOCEAN-NYC3)"}
{"code": "95", "name": "美国芝加哥(VULTR)"}
{"code": "72", "name": "美国西雅图(VULTR)"}
{"code": "56", "name": "美国费利蒙(linode)"}
{"code": "103", "name": "美国达拉斯(VULTR)"}
{"code": "69", "name": "美国迈阿密(VULTR)"}
{"code": "73", "name": "巴西圣保罗"}
{"code": "I", "name": "ICMP"}
{"code": "T", "name": "TCP"}
